{"cameraMode":{"drawMode":0,"name":"Shaded","section":"Shading Mode"},"sceneLighting":true,"audioPlay":false,"sceneViewState":{"showFog":true,"showMaterialUpdate":false,"showSkybox":true,"showFlares":true,"showImageEffects":true,"showParticleSystems":true},"in2DMode":false,"pivot":{"x":25.813873291015626,"y":13.156745910644532,"z":138.14544677734376},"rotation":{"x":0.037109922617673877,"y":-0.4796024262905121,"z":0.020303867757320405,"w":0.8764657378196716},"size":11.74264907836914,"orthographic":false}