{"cameraMode":{"drawMode":0,"name":"Shaded","section":"Shading Mode"},"sceneLighting":true,"audioPlay":false,"sceneViewState":{"showFog":true,"showMaterialUpdate":false,"showSkybox":true,"showFlares":true,"showImageEffects":true,"showParticleSystems":true},"in2DMode":false,"pivot":{"x":-18.565799713134767,"y":19.046621322631837,"z":2.89752197265625},"rotation":{"x":0.24483206868171693,"y":-0.1591300070285797,"z":0.040745168924331668,"w":0.9555797576904297},"size":13.824715614318848,"orthographic":false}