{"cameraMode":{"drawMode":0,"name":"Shaded","section":"Shading Mode"},"sceneLighting":false,"audioPlay":false,"sceneViewState":{"showFog":true,"showMaterialUpdate":false,"showSkybox":true,"showFlares":true,"showImageEffects":true,"showParticleSystems":true},"in2DMode":false,"pivot":{"x":-8.971578598022461,"y":9.064390182495118,"z":19.709720611572267},"rotation":{"x":0.2742224931716919,"y":0.16910214722156526,"z":-0.04904966056346893,"w":0.9454102516174316},"size":18.216358184814454,"orthographic":false}