{"cameraMode":{"drawMode":0,"name":"Shaded","section":"Shading Mode"},"sceneLighting":false,"audioPlay":false,"sceneViewState":{"showFog":true,"showMaterialUpdate":false,"showSkybox":true,"showFlares":true,"showImageEffects":true,"showParticleSystems":true},"in2DMode":false,"pivot":{"x":20.489999771118165,"y":-11.30136489868164,"z":19.399999618530275},"rotation":{"x":0.2742225229740143,"y":0.16910216212272645,"z":-0.04904966801404953,"w":0.9454103708267212},"size":48.34960174560547,"orthographic":false}