{"cameraMode":{"drawMode":0,"name":"Shaded","section":"Shading Mode"},"sceneLighting":false,"audioPlay":false,"sceneViewState":{"showFog":true,"showMaterialUpdate":false,"showSkybox":true,"showFlares":true,"showImageEffects":true,"showParticleSystems":true},"in2DMode":false,"pivot":{"x":-11.841814041137696,"y":-7.470087051391602,"z":16.95177459716797},"rotation":{"x":0.3832131028175354,"y":-0.012473423965275288,"z":0.005174760241061449,"w":0.9235612750053406},"size":9.682001113891602,"orthographic":false}