{"cameraMode":{"drawMode":0,"name":"Shaded","section":"Shading Mode"},"sceneLighting":false,"audioPlay":false,"sceneViewState":{"showFog":true,"showMaterialUpdate":false,"showSkybox":true,"showFlares":true,"showImageEffects":true,"showParticleSystems":true},"in2DMode":false,"pivot":{"x":-2.9407811164855959,"y":-1.9557151794433594,"z":29.591297149658204},"rotation":{"x":0.25544995069503786,"y":0.10272417217493057,"z":-0.027319002896547319,"w":0.9609856009483337},"size":26.55913543701172,"orthographic":false}