{"cameraMode":{"drawMode":0,"name":"Shaded","section":"Shading Mode"},"sceneLighting":true,"audioPlay":false,"sceneViewState":{"showFog":true,"showMaterialUpdate":false,"showSkybox":true,"showFlares":true,"showImageEffects":true,"showParticleSystems":true},"in2DMode":false,"pivot":{"x":-40.386451721191409,"y":0.713348388671875,"z":-14.876358032226563},"rotation":{"x":0.3661368191242218,"y":-0.16618146002292634,"z":0.06663350760936737,"w":0.9132072925567627},"size":217.8095703125,"orthographic":false}