{"cameraMode":{"drawMode":0,"name":"Shaded","section":"Shading Mode"},"sceneLighting":false,"audioPlay":false,"sceneViewState":{"showFog":true,"showMaterialUpdate":false,"showSkybox":true,"showFlares":true,"showImageEffects":true,"showParticleSystems":true},"in2DMode":false,"pivot":{"x":-10.297718048095704,"y":-12.525036811828614,"z":12.565010070800782},"rotation":{"x":-0.0028251369949430229,"y":0.9920403957366943,"z":0.1238388940691948,"w":0.02262403443455696},"size":211.51153564453126,"orthographic":false}