{"cameraMode":{"drawMode":0,"name":"Shaded","section":"Shading Mode"},"sceneLighting":false,"audioPlay":false,"sceneViewState":{"showFog":true,"showMaterialUpdate":false,"showSkybox":true,"showFlares":true,"showImageEffects":true,"showParticleSystems":true},"in2DMode":false,"pivot":{"x":12.740398406982422,"y":3.8266334533691408,"z":11.747211456298829},"rotation":{"x":0.16694656014442445,"y":-0.08124637603759766,"z":0.01380485575646162,"w":0.9825158715248108},"size":2.8578836917877199,"orthographic":false}