{"cameraMode":{"drawMode":0,"name":"Shaded","section":"Shading Mode"},"sceneLighting":false,"audioPlay":false,"sceneViewState":{"showFog":true,"showMaterialUpdate":false,"showSkybox":true,"showFlares":true,"showImageEffects":true,"showParticleSystems":true},"in2DMode":false,"pivot":{"x":-14.921280860900879,"y":-2.058197259902954,"z":-0.29027724266052248},"rotation":{"x":0.1948278546333313,"y":0.08374263346195221,"z":-0.016698354855179788,"w":0.9771133661270142},"size":3.431183099746704,"orthographic":false}