{"cameraMode":{"drawMode":0,"name":"Shaded","section":"Shading Mode"},"sceneLighting":false,"audioPlay":false,"sceneViewState":{"showFog":true,"showMaterialUpdate":false,"showSkybox":true,"showFlares":true,"showImageEffects":true,"showParticleSystems":true},"in2DMode":false,"pivot":{"x":1.1835899353027344,"y":4.771553039550781,"z":-1.544793963432312},"rotation":{"x":0.01382373459637165,"y":0.962936520576477,"z":0.050301503390073779,"w":-0.26463574171066286},"size":32.53778839111328,"orthographic":false}