{"cameraMode":{"drawMode":0,"name":"Shaded","section":"Shading Mode"},"sceneLighting":false,"audioPlay":false,"sceneViewState":{"showFog":true,"showMaterialUpdate":false,"showSkybox":true,"showFlares":true,"showImageEffects":true,"showParticleSystems":true},"in2DMode":false,"pivot":{"x":875.0,"y":541.3507080078125,"z":-15.74282455444336},"rotation":{"x":0.3467957377433777,"y":0.08844456076622009,"z":-0.032869212329387668,"w":0.9331827163696289},"size":785.7044067382813,"orthographic":false}