{"cameraMode":{"drawMode":0,"name":"Shaded","section":"Shading Mode"},"sceneLighting":false,"audioPlay":false,"sceneViewState":{"showFog":true,"showMaterialUpdate":false,"showSkybox":true,"showFlares":true,"showImageEffects":true,"showParticleSystems":true},"in2DMode":false,"pivot":{"x":18.264141082763673,"y":-14.623373031616211,"z":18.955751419067384},"rotation":{"x":0.19493606686592103,"y":0.34999287128448489,"z":-0.07471213489770889,"w":0.9131938815116882},"size":40.216697692871097,"orthographic":false}