{"cameraMode":{"drawMode":0,"name":"Shaded","section":"Shading Mode"},"sceneLighting":false,"audioPlay":false,"sceneViewState":{"showFog":true,"showMaterialUpdate":false,"showSkybox":true,"showFlares":true,"showImageEffects":true,"showParticleSystems":true},"in2DMode":false,"pivot":{"x":-11.250628471374512,"y":-7.364819526672363,"z":17.390289306640626},"rotation":{"x":0.3467957377433777,"y":0.08844456076622009,"z":-0.032869212329387668,"w":0.9331827163696289},"size":5.93589448928833,"orthographic":false}