{"cameraMode":{"drawMode":0,"name":"Shaded","section":"Shading Mode"},"sceneLighting":false,"audioPlay":false,"sceneViewState":{"showFog":true,"showMaterialUpdate":false,"showSkybox":true,"showFlares":true,"showImageEffects":true,"showParticleSystems":true},"in2DMode":false,"pivot":{"x":-11.489151954650879,"y":-6.063345909118652,"z":18.118558883666993},"rotation":{"x":0.2943669557571411,"y":0.01002984307706356,"z":-0.00309031642973423,"w":0.9556348919868469},"size":9.682001113891602,"orthographic":false}