{"cameraMode":{"drawMode":0,"name":"Shaded","section":"Shading Mode"},"sceneLighting":false,"audioPlay":false,"sceneViewState":{"showFog":true,"showMaterialUpdate":false,"showSkybox":true,"showFlares":true,"showImageEffects":true,"showParticleSystems":true},"in2DMode":false,"pivot":{"x":481.57757568359377,"y":229.2341766357422,"z":6.286279678344727},"rotation":{"x":0.20098364353179933,"y":-0.34269773960113528,"z":0.07530611008405686,"w":0.9145998358726502},"size":22.0,"orthographic":false}