{"cameraMode":{"drawMode":0,"name":"Shaded","section":"Shading Mode"},"sceneLighting":true,"audioPlay":false,"sceneViewState":{"showFog":true,"showMaterialUpdate":false,"showSkybox":true,"showFlares":true,"showImageEffects":true,"showParticleSystems":true},"in2DMode":false,"pivot":{"x":8.54185676574707,"y":0.02309059351682663,"z":9.73150634765625},"rotation":{"x":-0.003904355224221945,"y":0.3620735704898834,"z":0.0015156796434894205,"w":0.9321401715278626},"size":14.432400703430176,"orthographic":false}