{"cameraMode":{"drawMode":0,"name":"Shaded","section":"Shading Mode"},"sceneLighting":false,"audioPlay":false,"sceneViewState":{"showFog":true,"showMaterialUpdate":false,"showSkybox":true,"showFlares":true,"showImageEffects":true,"showParticleSystems":true},"in2DMode":false,"pivot":{"x":25.813873291015626,"y":13.156745910644532,"z":138.14544677734376},"rotation":{"x":0.09402833133935929,"y":-0.1159040555357933,"z":0.01101994514465332,"w":0.9887383580207825},"size":169.087158203125,"orthographic":false}