{"cameraMode":{"drawMode":0,"name":"Shaded","section":"Shading Mode"},"sceneLighting":false,"audioPlay":false,"sceneViewState":{"showFog":true,"showMaterialUpdate":false,"showSkybox":true,"showFlares":true,"showImageEffects":true,"showParticleSystems":true},"in2DMode":false,"pivot":{"x":0.0,"y":29.70781707763672,"z":0.0000019073486328125},"rotation":{"x":0.22721116244792939,"y":-0.06974734365940094,"z":0.016314363107085229,"w":0.9712076187133789},"size":63.736228942871097,"orthographic":false}